branch,timestamp
Transport Canada ,"2014-10-16 18:54:43 +0000, 2014-09-26 15:42:58 +0000, 2014-10-17 12:28:03 +0000, 2015-01-29 14:31:52 +0000, 2015-02-11 21:54:18 +0000, 2015-03-04 16:11:11 +0000, 2015-03-04 16:11:50 +0000, 2015-02-05 20:28:40 +0000, 2014-10-08 16:38:14 +0000, 2015-02-18 19:03:36 +0000, 2014-10-16 18:53:44 +0000"
Canadian Broadcasting Corporation ,"2015-01-20 16:46:26 +0000, 2014-10-28 02:29:41 +0000, 2015-02-17 13:54:39 +0000, 2014-11-07 16:45:30 +0000, 2014-09-05 20:52:51 +0000, 2014-11-26 18:47:33 +0000, 2014-08-20 16:02:47 +0000, 2014-08-20 16:06:54 +0000, 2014-08-20 16:32:39 +0000, 2014-09-25 22:19:29 +0000, 2014-09-03 17:58:19 +0000, 2015-02-25 19:57:29 +0000, 2015-02-25 19:37:41 +0000, 2015-02-18 19:27:38 +0000, 2014-10-28 02:28:54 +0000, 2015-01-12 21:58:06 +0000, 2015-01-12 21:57:01 +0000, 2015-01-12 21:55:46 +0000, 2015-01-09 18:54:58 +0000, 2014-12-18 15:30:52 +0000, 2014-12-11 15:37:55 +0000, 2014-12-09 19:49:23 +0000, 2014-11-20 17:10:23 +0000, 2014-11-01 10:47:05 +0000, 2014-10-30 16:29:11 +0000, 2014-10-24 17:40:45 +0000, 2014-10-28 02:27:48 +0000, 2014-10-17 15:07:13 +0000, 2014-10-17 14:58:29 +0000, 2014-10-17 14:28:39 +0000, 2014-10-17 14:27:23 +0000, 2014-10-15 00:11:10 +0000, 2014-10-15 00:10:01 +0000, 2014-10-02 15:43:55 +0000, 2014-10-28 02:23:45 +0000, 2014-12-04 22:17:45 +0000, 2014-11-06 14:58:32 +0000, 2014-11-06 14:57:43 +0000, 2014-11-06 14:57:04 +0000, 2014-10-17 15:13:08 +0000"
Shared Services Canada ,"2015-03-04 23:01:42 +0000, 2014-08-06 16:35:15 +0000, 2014-08-25 16:29:23 +0000, 2014-10-07 17:17:02 +0000, 2014-09-29 18:24:37 +0000, 2014-10-06 14:31:26 +0000, 2014-10-03 17:03:35 +0000, 2015-01-29 14:31:52 +0000, 2015-01-19 18:36:58 +0000, 2015-01-19 18:35:18 +0000, 2015-02-03 14:14:00 +0000, 2015-01-28 21:33:04 +0000, 2014-10-22 13:30:38 +0000, 2015-01-28 14:14:25 +0000, 2014-10-24 11:14:56 +0000, 2014-08-25 16:35:49 +0000, 2015-02-20 14:01:40 +0000, 2015-02-05 15:55:36 +0000, 2015-01-15 15:25:34 +0000, 2014-11-28 12:49:35 +0000, 2014-09-26 15:42:58 +0000, 2014-08-14 19:29:52 +0000, 2014-09-26 14:04:20 +0000, 2014-11-03 19:44:22 +0000, 2014-08-13 15:57:04 +0000, 2014-11-25 09:08:50 +0000, 2014-08-07 15:10:33 +0000, 2014-09-18 19:34:35 +0000, 2014-09-18 19:34:10 +0000, 2014-09-18 18:30:50 +0000, 2014-08-19 11:17:38 +0000, 2014-09-26 13:32:12 +0000, 2015-02-18 18:25:22 +0000, 2014-12-08 15:02:32 +0000, 2015-01-26 19:11:51 +0000, 2014-08-06 15:08:24 +0000, 2015-01-22 20:16:55 +0000, 2015-01-19 19:10:10 +0000, 2014-08-06 14:46:22 +0000, 2015-01-06 20:32:55 +0000, 2015-01-05 21:02:31 +0000, 2015-01-02 17:45:09 +0000, 2015-01-02 17:44:18 +0000, 2015-01-02 17:43:27 +0000, 2015-01-02 17:38:32 +0000, 2015-01-02 17:33:37 +0000, 2015-03-01 10:35:28 +0000, 2014-09-26 13:31:30 +0000, 2015-03-03 18:28:18 +0000, 2014-07-31 14:24:30 +0000, 2014-07-31 12:15:37 +0000, 2014-07-31 12:13:51 +0000, 2014-07-31 12:11:48 +0000, 2014-07-31 12:09:29 +0000, 2014-07-31 12:07:33 +0000, 2015-03-03 18:26:59 +0000, 2014-09-26 13:24:15 +0000, 2015-03-03 18:25:28 +0000, 2014-09-25 19:49:39 +0000, 2014-09-25 18:20:28 +0000, 2014-09-25 11:53:26 +0000, 2014-12-10 16:59:41 +0000, 2014-12-10 16:59:12 +0000, 2014-12-08 22:38:36 +0000, 2014-09-04 21:33:39 +0000, 2014-09-04 21:33:08 +0000, 2015-03-03 18:24:59 +0000, 2014-11-28 17:46:19 +0000, 2014-09-02 18:02:48 +0000, 2014-11-13 16:54:33 +0000, 2014-11-13 16:53:31 +0000, 2014-11-13 15:40:52 +0000, 2014-11-13 15:36:51 +0000, 2014-11-13 13:55:01 +0000, 2014-11-13 13:52:22 +0000, 2014-11-13 13:50:52 +0000, 2014-11-13 13:50:17 +0000, 2014-11-13 13:49:45 +0000, 2014-11-13 13:47:34 +0000, 2014-11-13 13:46:31 +0000, 2014-11-12 18:39:11 +0000, 2014-11-12 18:35:30 +0000, 2014-11-12 18:35:06 +0000, 2014-11-12 18:33:59 +0000, 2014-11-12 18:33:30 +0000, 2014-11-12 18:21:33 +0000, 2014-11-12 18:15:23 +0000, 2014-11-12 18:12:33 +0000, 2014-11-12 16:40:31 +0000, 2014-11-12 16:08:21 +0000, 2014-11-12 16:00:48 +0000, 2014-11-12 15:58:11 +0000, 2014-11-12 15:57:20 +0000, 2014-09-23 20:16:58 +0000, 2014-10-16 18:54:43 +0000, 2014-09-23 20:13:24 +0000, 2014-10-16 18:53:44 +0000, 2014-10-10 15:53:19 +0000, 2014-10-03 13:54:12 +0000, 2015-01-23 19:58:54 +0000, 2014-09-18 21:40:17 +0000, 2015-01-23 14:37:34 +0000, 2014-09-03 17:03:57 +0000, 2014-09-03 16:56:30 +0000, 2014-09-03 16:34:07 +0000, 2014-08-25 18:26:23 +0000, 2014-08-25 18:14:38 +0000, 2014-08-25 15:26:33 +0000, 2014-07-29 13:55:18 +0000, 2014-09-22 17:32:10 +0000, 2015-03-03 18:21:19 +0000, 2014-09-21 10:11:01 +0000, 2015-02-23 21:06:56 +0000, 2015-03-03 18:19:29 +0000, 2015-02-23 07:09:37 +0000, 2014-09-19 13:19:30 +0000, 2014-09-18 12:29:18 +0000, 2014-08-29 17:19:39 +0000, 2014-09-18 12:28:26 +0000, 2015-01-20 19:52:46 +0000, 2014-10-16 15:05:07 +0000, 2015-01-24 07:52:49 +0000, 2014-12-08 19:09:25 +0000, 2014-09-16 16:42:40 +0000, 2015-01-19 19:12:08 +0000, 2015-01-19 19:10:57 +0000, 2015-01-19 19:09:27 +0000, 2015-01-19 19:08:16 +0000, 2014-12-02 15:31:11 +0000, 2014-11-20 21:26:54 +0000, 2015-03-03 18:18:32 +0000, 2014-11-20 17:37:11 +0000, 2014-11-20 17:34:31 +0000, 2014-11-13 19:36:49 +0000, 2014-08-26 15:39:11 +0000, 2014-08-23 19:04:07 +0000, 2014-11-05 18:46:44 +0000, 2014-09-16 15:59:01 +0000, 2014-09-15 21:28:42 +0000, 2015-03-03 18:07:19 +0000, 2015-03-02 16:07:43 +0000, 2014-10-27 19:42:57 +0000, 2014-10-27 19:40:50 +0000, 2015-02-14 02:22:16 +0000, 2014-10-23 14:42:49 +0000, 2014-10-20 20:00:52 +0000, 2014-10-17 19:48:08 +0000, 2015-01-28 12:24:38 +0000, 2015-01-05 18:21:41 +0000, 2014-10-16 14:45:17 +0000, 2014-09-26 15:57:36 +0000, 2015-02-20 03:17:46 +0000, 2015-01-12 16:05:58 +0000, 2014-10-08 11:14:48 +0000, 2014-09-04 18:45:37 +0000, 2015-02-19 16:12:51 +0000, 2014-07-31 14:26:17 +0000, 2014-07-29 15:24:33 +0000, 2015-01-23 19:21:58 +0000, 2015-01-09 13:14:02 +0000, 2015-02-05 20:28:40 +0000, 2015-03-05 14:03:57 +0000, 2015-03-02 14:53:14 +0000, 2015-02-27 18:54:25 +0000, 2015-02-27 18:53:52 +0000, 2015-02-27 18:52:13 +0000, 2015-02-27 18:49:05 +0000, 2015-02-27 18:45:36 +0000, 2015-02-27 18:37:05 +0000, 2015-02-10 18:55:09 +0000, 2015-02-17 16:48:56 +0000, 2015-02-17 16:48:20 +0000, 2014-12-04 18:43:06 +0000, 2015-02-14 02:24:54 +0000, 2015-02-14 02:24:25 +0000, 2015-02-09 18:22:29 +0000, 2015-02-09 13:20:00 +0000, 2015-02-08 20:32:45 +0000, 2014-11-17 08:12:39 +0000, 2015-02-03 20:27:47 +0000, 2015-02-03 20:26:39 +0000, 2015-01-09 13:13:16 +0000, 2015-01-09 13:08:33 +0000, 2014-11-17 08:09:09 +0000, 2015-01-28 16:37:11 +0000, 2015-01-21 22:30:59 +0000, 2015-01-09 17:29:53 +0000, 2015-01-05 21:29:16 +0000, 2014-11-13 03:18:13 +0000, 2015-01-05 17:33:23 +0000, 2015-01-02 14:55:11 +0000, 2014-11-13 03:17:06 +0000, 2015-01-02 14:53:49 +0000, 2014-11-13 03:08:23 +0000, 2015-01-02 14:53:15 +0000, 2014-11-13 03:06:33 +0000, 2015-01-09 12:56:13 +0000, 2014-10-21 14:07:35 +0000, 2015-01-09 12:55:17 +0000, 2014-12-29 23:51:09 +0000, 2014-12-29 21:30:45 +0000, 2014-12-29 21:30:37 +0000, 2014-12-13 00:11:25 +0000, 2014-10-20 19:50:50 +0000, 2014-10-20 19:37:30 +0000, 2014-12-08 00:09:40 +0000, 2014-08-23 19:01:51 +0000, 2014-08-23 19:01:18 +0000, 2014-09-15 18:32:48 +0000, 2014-08-06 07:58:12 +0000, 2014-09-11 13:43:09 +0000, 2014-09-10 19:24:28 +0000, 2015-03-02 19:04:14 +0000, 2014-09-09 20:50:42 +0000, 2014-09-09 18:02:59 +0000, 2015-01-13 07:12:34 +0000, 2014-11-27 20:33:53 +0000, 2015-01-09 12:54:52 +0000, 2014-09-09 18:02:42 +0000, 2014-11-18 18:46:44 +0000, 2014-11-18 17:49:34 +0000, 2015-02-10 18:52:00 +0000, 2015-01-09 12:53:05 +0000, 2014-09-09 18:02:13 +0000, 2014-11-17 14:03:07 +0000, 2014-11-14 21:56:51 +0000, 2014-11-14 21:50:43 +0000, 2014-11-14 21:25:16 +0000, 2014-11-14 21:20:32 +0000, 2014-11-14 18:30:02 +0000, 2014-09-21 23:18:41 +0000, 2014-09-09 17:31:48 +0000, 2015-02-06 15:12:14 +0000, 2015-01-08 21:18:18 +0000, 2014-11-03 19:42:28 +0000, 2014-11-03 18:49:31 +0000, 2014-11-03 18:48:35 +0000, 2015-01-06 14:07:55 +0000, 2014-10-30 22:04:40 +0000, 2014-10-30 20:03:13 +0000, 2014-10-30 12:45:40 +0000, 2014-09-09 17:04:00 +0000, 2014-12-19 18:20:01 +0000, 2014-09-09 17:00:51 +0000, 2015-01-06 14:06:28 +0000, 2014-10-28 20:06:14 +0000, 2014-12-30 17:40:07 +0000, 2015-01-06 14:02:27 +0000, 2014-10-24 13:10:19 +0000, 2014-10-22 20:09:23 +0000, 2014-10-19 04:06:14 +0000, 2014-12-29 19:22:48 +0000, 2014-09-16 19:53:35 +0000, 2014-10-09 02:39:13 +0000, 2014-10-09 02:27:19 +0000, 2014-10-08 18:04:29 +0000, 2014-10-07 19:00:18 +0000, 2014-09-16 19:52:57 +0000, 2014-10-03 18:51:37 +0000, 2014-10-03 18:46:57 +0000, 2014-10-03 18:41:03 +0000, 2015-02-17 11:46:32 +0000, 2014-09-10 14:28:48 +0000, 2014-08-27 13:31:53 +0000, 2014-10-01 12:56:03 +0000, 2014-10-01 12:53:22 +0000, 2015-01-06 13:55:25 +0000, 2015-02-09 15:42:04 +0000, 2014-09-23 14:12:46 +0000, 2015-02-09 15:41:27 +0000, 2014-09-10 19:46:05 +0000, 2014-09-10 19:43:41 +0000, 2014-09-10 19:29:43 +0000, 2014-09-10 19:25:51 +0000, 2014-09-10 19:23:45 +0000, 2014-09-10 19:22:21 +0000, 2015-01-06 13:52:00 +0000, 2014-09-09 19:08:47 +0000, 2014-08-05 18:39:35 +0000, 2015-02-09 13:50:28 +0000, 2014-12-29 20:41:15 +0000, 2014-08-29 13:53:43 +0000, 2014-08-29 13:53:20 +0000, 2014-08-28 18:30:28 +0000, 2014-08-27 13:39:10 +0000, 2014-08-27 13:38:25 +0000, 2014-07-31 19:21:11 +0000, 2014-08-25 20:13:32 +0000, 2014-08-25 13:55:30 +0000, 2014-12-29 19:11:12 +0000, 2014-12-29 17:53:54 +0000, 2014-12-28 06:48:59 +0000, 2014-08-15 10:53:56 +0000, 2014-08-15 10:50:02 +0000, 2014-08-15 10:49:00 +0000, 2014-12-25 17:10:01 +0000, 2014-08-13 14:07:21 +0000, 2014-12-24 04:54:43 +0000, 2014-08-01 17:35:58 +0000, 2014-09-08 12:47:02 +0000, 2015-02-03 16:43:26 +0000, 2014-09-05 16:03:00 +0000, 2015-02-03 16:39:08 +0000, 2014-09-05 16:02:16 +0000, 2015-01-27 15:03:14 +0000, 2014-12-22 14:50:23 +0000, 2014-09-05 15:36:18 +0000, 2015-01-27 15:00:09 +0000, 2014-09-05 15:29:25 +0000, 2015-01-27 14:59:22 +0000, 2014-09-03 19:49:03 +0000, 2014-11-25 14:39:29 +0000, 2015-01-27 14:58:20 +0000, 2014-09-03 17:04:24 +0000, 2015-01-26 16:44:50 +0000, 2015-01-24 01:57:05 +0000, 2014-12-08 15:00:25 +0000, 2014-12-08 14:59:42 +0000, 2014-09-15 23:12:57 +0000, 2015-01-21 21:31:26 +0000, 2015-01-29 15:35:29 +0000, 2015-02-26 21:20:40 +0000, 2014-08-25 21:10:31 +0000, 2014-11-25 14:39:00 +0000, 2015-01-05 20:34:25 +0000, 2015-02-20 15:44:26 +0000, 2014-08-01 13:46:12 +0000, 2015-02-20 02:19:12 +0000, 2014-08-28 15:34:37 +0000, 2014-08-28 12:37:05 +0000, 2015-01-27 18:13:48 +0000, 2014-08-27 19:41:31 +0000, 2015-01-22 15:48:52 +0000, 2015-01-20 15:53:05 +0000, 2014-12-19 14:31:40 +0000, 2015-01-13 20:38:53 +0000, 2015-01-13 20:34:21 +0000, 2015-01-12 17:14:51 +0000, 2014-08-27 19:31:49 +0000, 2015-01-06 18:34:30 +0000, 2015-01-06 18:33:57 +0000, 2015-01-06 16:25:55 +0000, 2014-12-31 14:12:25 +0000, 2015-01-06 18:00:01 +0000, 2014-12-30 15:52:10 +0000, 2014-12-18 18:16:22 +0000, 2014-12-29 14:06:11 +0000, 2014-12-21 01:27:52 +0000, 2014-12-21 01:27:28 +0000, 2014-12-21 01:26:26 +0000, 2014-08-27 19:30:48 +0000, 2014-08-27 19:30:06 +0000, 2014-11-28 21:19:32 +0000, 2014-12-16 16:35:47 +0000, 2014-12-16 16:32:31 +0000, 2014-12-16 16:22:56 +0000, 2014-12-11 22:04:01 +0000, 2014-08-27 12:18:11 +0000, 2014-12-16 16:21:25 +0000, 2014-12-19 18:39:39 +0000, 2014-12-19 18:37:11 +0000, 2014-12-19 18:35:09 +0000, 2015-03-05 17:13:39 +0000, 2014-12-17 01:05:52 +0000, 2014-12-17 01:04:53 +0000, 2014-12-17 01:04:01 +0000, 2014-12-17 01:03:35 +0000, 2014-12-19 14:31:11 +0000, 2014-12-17 01:02:50 +0000, 2014-12-17 01:01:17 +0000, 2014-12-15 17:43:24 +0000, 2014-12-17 00:59:55 +0000, 2014-12-10 22:46:38 +0000, 2014-12-19 14:29:59 +0000, 2014-12-10 13:58:03 +0000, 2014-12-17 00:58:13 +0000, 2014-07-31 19:15:30 +0000, 2014-09-05 14:42:16 +0000, 2014-12-16 17:41:55 +0000, 2014-08-22 20:50:01 +0000, 2014-12-17 19:18:34 +0000, 2014-08-26 14:15:17 +0000, 2014-12-17 19:17:24 +0000, 2014-12-16 15:37:16 +0000, 2014-12-16 13:39:38 +0000, 2014-12-16 18:37:07 +0000, 2014-12-04 13:50:11 +0000, 2014-12-16 16:42:20 +0000, 2014-08-26 12:38:07 +0000, 2014-09-05 14:34:35 +0000, 2015-03-04 22:54:20 +0000, 2014-11-19 17:24:09 +0000, 2014-11-18 20:56:40 +0000, 2014-08-01 13:56:37 +0000, 2014-11-14 20:50:27 +0000, 2015-03-04 16:11:50 +0000, 2014-08-01 13:58:45 +0000, 2014-09-02 15:24:25 +0000, 2014-11-10 16:04:53 +0000, 2014-11-10 15:50:04 +0000, 2014-11-10 15:45:41 +0000, 2015-03-04 16:11:11 +0000, 2014-08-29 18:56:32 +0000, 2014-12-02 17:57:12 +0000, 2014-08-22 15:27:48 +0000, 2014-08-29 18:51:52 +0000, 2014-11-07 15:10:10 +0000, 2014-11-04 06:24:56 +0000, 2014-08-22 14:42:39 +0000, 2014-11-27 19:42:24 +0000, 2014-08-22 14:39:52 +0000, 2014-08-22 13:47:05 +0000, 2014-11-25 14:35:10 +0000, 2014-10-07 17:34:05 +0000, 2014-10-12 20:57:05 +0000, 2014-10-12 20:54:03 +0000, 2014-11-25 13:15:26 +0000, 2014-10-08 15:03:24 +0000, 2014-10-07 07:26:56 +0000, 2014-10-06 09:34:09 +0000, 2014-11-25 13:13:51 +0000, 2014-08-29 16:04:18 +0000, 2014-08-29 16:01:05 +0000, 2014-08-29 15:23:09 +0000, 2014-10-01 14:19:30 +0000, 2014-10-01 13:42:06 +0000, 2014-09-30 07:42:39 +0000, 2014-09-23 14:23:32 +0000, 2014-09-18 19:36:54 +0000, 2014-09-17 13:14:14 +0000, 2014-09-11 15:20:44 +0000, 2014-09-09 12:32:57 +0000, 2015-03-02 17:50:18 +0000, 2015-03-02 17:49:34 +0000, 2014-12-15 18:03:12 +0000, 2015-03-02 14:56:32 +0000, 2014-12-16 16:10:46 +0000, 2014-12-15 23:15:40 +0000, 2014-11-10 14:31:33 +0000, 2014-08-21 14:11:34 +0000, 2015-01-02 16:09:37 +0000, 2014-08-29 19:12:29 +0000, 2014-11-05 18:51:38 +0000, 2014-08-26 13:57:24 +0000, 2014-08-21 18:53:20 +0000, 2014-12-15 23:15:04 +0000, 2014-08-27 20:45:31 +0000, 2014-08-18 14:51:57 +0000, 2014-08-18 14:51:15 +0000, 2014-08-18 14:48:54 +0000, 2014-12-22 16:02:20 +0000, 2014-08-14 15:27:19 +0000, 2014-08-14 15:12:11 +0000, 2014-08-13 14:51:45 +0000, 2014-09-26 11:46:05 +0000, 2014-08-13 12:30:55 +0000, 2014-08-06 19:36:27 +0000, 2014-08-06 17:20:36 +0000, 2014-08-06 17:19:41 +0000, 2014-08-27 20:34:46 +0000, 2015-02-24 06:47:13 +0000, 2014-08-01 19:42:14 +0000, 2014-08-01 15:26:02 +0000, 2014-12-30 13:20:44 +0000, 2014-09-17 20:54:02 +0000, 2014-08-19 16:59:34 +0000, 2014-12-24 16:52:24 +0000, 2014-12-24 16:50:57 +0000, 2014-10-28 17:48:30 +0000, 2014-12-11 21:53:36 +0000, 2014-12-08 15:34:08 +0000, 2014-12-08 15:33:15 +0000, 2014-09-16 20:38:53 +0000, 2014-10-27 01:53:18 +0000, 2014-11-18 18:46:53 +0000, 2014-12-15 23:11:47 +0000, 2015-02-23 19:41:55 +0000, 2015-02-23 08:50:21 +0000, 2014-11-14 06:01:22 +0000, 2014-09-09 17:45:36 +0000, 2014-09-09 17:44:18 +0000, 2014-08-29 14:50:57 +0000, 2014-08-18 15:27:57 +0000, 2014-08-18 15:27:27 +0000, 2014-08-06 20:55:54 +0000, 2014-07-31 05:05:53 +0000, 2014-07-31 05:00:20 +0000, 2014-07-31 04:55:14 +0000, 2014-10-16 11:15:08 +0000, 2014-10-15 18:40:53 +0000, 2014-10-15 16:28:38 +0000, 2014-10-15 15:51:49 +0000, 2015-01-30 19:49:42 +0000, 2015-01-30 19:48:20 +0000, 2015-02-24 18:02:22 +0000, 2015-02-24 18:00:51 +0000, 2015-01-28 14:06:22 +0000, 2015-01-13 19:34:11 +0000, 2014-09-17 20:53:17 +0000, 2014-10-07 17:51:33 +0000, 2014-10-04 15:51:39 +0000, 2014-09-24 09:56:12 +0000, 2014-09-23 17:48:48 +0000, 2014-09-19 20:01:39 +0000, 2014-08-19 15:20:07 +0000, 2014-08-18 18:11:29 +0000, 2014-10-30 15:42:50 +0000, 2014-10-06 09:29:54 +0000, 2014-09-16 16:43:19 +0000, 2014-11-13 14:43:20 +0000, 2014-09-16 16:41:37 +0000, 2014-09-15 17:31:50 +0000, 2014-08-15 15:39:43 +0000, 2014-08-07 13:50:21 +0000, 2014-12-07 16:54:20 +0000, 2015-02-16 12:19:46 +0000, 2014-09-11 14:28:22 +0000, 2014-09-11 14:25:38 +0000, 2014-09-11 14:08:21 +0000, 2014-09-10 20:43:09 +0000, 2014-08-18 09:54:53 +0000, 2015-01-30 19:47:29 +0000, 2014-09-10 14:22:03 +0000, 2014-09-10 14:16:33 +0000, 2014-09-10 14:05:56 +0000, 2014-09-03 17:12:27 +0000, 2015-02-12 02:04:19 +0000, 2014-09-03 16:11:34 +0000, 2015-01-30 19:46:27 +0000, 2014-12-07 15:30:49 +0000, 2015-01-29 17:39:07 +0000, 2014-12-01 17:20:28 +0000, 2014-12-15 23:10:50 +0000, 2014-08-27 14:50:44 +0000, 2014-11-28 15:57:37 +0000, 2014-11-13 22:46:25 +0000, 2015-02-17 14:08:53 +0000, 2014-11-28 14:13:41 +0000, 2014-08-15 14:18:39 +0000, 2014-11-25 13:59:34 +0000, 2014-11-25 13:57:43 +0000, 2014-08-05 19:44:15 +0000, 2015-03-05 14:57:01 +0000, 2015-03-05 14:56:37 +0000, 2015-03-05 13:23:18 +0000, 2015-03-03 14:48:56 +0000, 2015-03-03 14:48:30 +0000, 2014-11-24 16:27:43 +0000, 2014-12-30 13:20:02 +0000, 2014-08-26 11:29:00 +0000, 2014-08-25 14:42:49 +0000, 2014-08-22 18:59:34 +0000, 2014-11-21 18:03:48 +0000, 2014-11-21 17:02:43 +0000, 2014-11-21 17:02:03 +0000, 2015-02-09 16:32:16 +0000, 2015-02-09 16:30:19 +0000, 2014-08-14 12:06:47 +0000, 2014-08-14 12:06:25 +0000, 2015-02-19 18:52:44 +0000, 2015-02-19 18:42:28 +0000, 2015-02-19 16:04:03 +0000, 2015-02-18 19:03:38 +0000, 2014-08-14 12:03:37 +0000, 2014-11-17 16:25:30 +0000, 2014-11-17 11:57:11 +0000, 2015-02-14 02:27:53 +0000, 2015-02-13 16:25:18 +0000, 2014-12-08 15:42:38 +0000, 2015-02-09 19:44:40 +0000, 2015-02-06 19:03:26 +0000, 2015-02-06 19:00:57 +0000, 2014-11-14 18:31:32 +0000, 2015-02-08 02:18:08 +0000, 2014-11-14 18:21:09 +0000, 2015-02-11 21:54:17 +0000, 2015-02-02 18:09:48 +0000, 2014-11-14 17:44:41 +0000, 2014-08-07 19:07:16 +0000, 2014-11-14 17:42:55 +0000, 2014-12-08 15:37:39 +0000, 2014-11-14 17:41:54 +0000, 2014-08-05 21:17:45 +0000, 2015-01-23 20:51:23 +0000, 2014-11-13 19:38:22 +0000, 2014-08-06 16:16:25 +0000, 2014-12-09 21:38:46 +0000, 2014-08-05 21:07:39 +0000, 2014-12-09 21:36:41 +0000, 2014-11-10 13:13:53 +0000, 2014-11-06 21:22:16 +0000, 2014-11-06 02:16:13 +0000, 2014-11-04 19:01:57 +0000, 2014-11-03 20:32:17 +0000, 2015-01-19 16:22:15 +0000, 2014-11-03 20:31:34 +0000, 2014-11-03 19:57:31 +0000, 2014-11-03 19:47:53 +0000, 2014-11-03 19:39:12 +0000, 2014-08-05 17:30:29 +0000, 2014-10-16 16:06:35 +0000, 2015-01-15 15:57:32 +0000, 2014-08-05 17:29:09 +0000, 2015-02-05 12:15:17 +0000, 2014-10-29 15:31:04 +0000, 2014-08-07 19:06:41 +0000, 2014-10-29 15:13:04 +0000, 2014-08-04 19:32:05 +0000, 2015-01-09 19:21:43 +0000, 2015-01-09 18:54:21 +0000, 2015-01-08 20:06:19 +0000, 2015-01-06 16:53:58 +0000, 2015-01-05 21:13:21 +0000, 2015-01-05 18:15:29 +0000, 2015-01-05 18:02:34 +0000, 2015-01-05 17:58:25 +0000, 2014-12-30 18:46:40 +0000, 2014-12-30 15:15:25 +0000, 2014-12-29 18:10:17 +0000, 2014-12-29 17:56:37 +0000, 2014-12-29 17:56:06 +0000, 2015-02-08 03:02:29 +0000, 2014-10-29 15:12:32 +0000, 2014-12-22 18:26:40 +0000, 2014-07-30 18:57:14 +0000, 2014-10-29 15:07:58 +0000, 2014-12-17 15:44:35 +0000, 2014-07-29 20:36:03 +0000, 2014-12-13 17:11:22 +0000, 2014-12-12 13:45:47 +0000, 2014-10-29 15:06:48 +0000, 2014-08-06 19:42:25 +0000, 2014-10-29 15:04:39 +0000, 2014-12-08 16:02:55 +0000, 2014-12-08 15:45:00 +0000, 2014-11-26 14:02:46 +0000, 2014-07-29 20:35:13 +0000, 2014-11-21 20:31:12 +0000, 2014-10-29 14:17:37 +0000, 2014-08-06 19:41:00 +0000, 2014-10-29 14:17:00 +0000, 2014-11-14 20:32:59 +0000, 2014-11-14 19:15:21 +0000, 2015-02-06 22:02:24 +0000, 2014-11-13 14:32:40 +0000, 2014-11-13 14:31:36 +0000, 2015-02-06 19:19:06 +0000, 2014-11-10 14:45:49 +0000, 2014-10-29 12:53:05 +0000, 2014-08-06 17:09:45 +0000, 2014-11-05 19:17:05 +0000, 2014-10-29 11:40:26 +0000, 2014-11-05 19:15:28 +0000, 2015-02-02 15:06:54 +0000, 2014-11-05 17:32:46 +0000, 2014-10-29 11:29:20 +0000, 2014-08-06 03:54:04 +0000, 2014-10-29 11:26:43 +0000, 2014-08-06 03:53:34 +0000, 2014-08-06 03:52:31 +0000, 2014-07-31 16:12:47 +0000, 2014-10-30 17:44:52 +0000, 2014-10-30 17:40:21 +0000, 2014-10-30 17:35:01 +0000, 2014-10-30 17:32:36 +0000, 2014-10-30 17:20:52 +0000, 2014-10-29 16:24:09 +0000, 2014-10-28 22:10:59 +0000, 2014-10-28 19:41:59 +0000, 2014-07-30 15:44:38 +0000, 2014-10-28 15:16:57 +0000, 2014-10-28 15:14:54 +0000, 2015-02-18 14:30:35 +0000, 2015-02-05 20:48:19 +0000, 2014-10-27 14:27:18 +0000, 2014-10-24 18:34:42 +0000, 2014-08-06 14:52:17 +0000, 2014-10-23 15:20:38 +0000, 2014-10-22 17:17:46 +0000, 2015-03-04 23:22:17 +0000, 2015-03-04 23:11:45 +0000, 2015-03-04 23:11:05 +0000, 2015-03-04 23:08:30 +0000, 2014-10-16 14:44:10 +0000, 2014-10-21 21:43:55 +0000, 2014-10-21 21:38:50 +0000, 2015-03-04 23:07:14 +0000, 2014-10-21 21:34:04 +0000, 2015-03-04 23:04:04 +0000, 2015-03-04 23:02:21 +0000, 2014-10-21 21:30:16 +0000, 2015-02-05 20:42:59 +0000, 2015-03-04 23:00:12 +0000, 2014-10-20 20:14:15 +0000, 2014-10-13 15:47:33 +0000, 2014-10-13 15:42:46 +0000, 2014-10-20 19:51:16 +0000, 2015-03-04 22:45:14 +0000, 2015-03-04 22:25:05 +0000, 2014-10-09 04:37:15 +0000, 2015-03-04 22:12:50 +0000, 2015-03-04 22:05:09 +0000, 2014-10-08 16:38:14 +0000, 2014-10-20 19:47:08 +0000, 2014-10-07 14:32:26 +0000, 2014-10-06 16:59:12 +0000, 2014-10-06 16:56:58 +0000, 2014-10-06 16:55:16 +0000, 2014-10-06 16:53:14 +0000, 2014-10-06 15:04:52 +0000, 2015-03-04 22:04:45 +0000, 2015-02-05 20:41:23 +0000, 2014-10-09 14:08:48 +0000, 2014-07-30 14:22:37 +0000, 2014-09-12 14:03:04 +0000, 2014-09-29 16:00:51 +0000, 2014-09-23 12:15:05 +0000, 2014-11-12 17:34:38 +0000, 2014-07-30 14:07:05 +0000, 2015-02-05 15:53:22 +0000, 2014-10-17 12:28:02 +0000, 2014-07-30 14:06:43 +0000, 2014-07-30 14:05:38 +0000, 2015-02-05 15:52:19 +0000, 2014-09-16 05:33:05 +0000, 2014-10-16 16:04:27 +0000, 2015-02-26 19:32:14 +0000, 2014-09-09 19:36:42 +0000, 2015-02-26 19:31:27 +0000, 2014-09-18 18:32:22 +0000, 2014-09-03 17:08:49 +0000, 2014-07-30 13:03:11 +0000, 2014-10-22 13:31:27 +0000, 2015-02-03 17:15:59 +0000, 2015-02-17 20:30:22 +0000, 2014-10-01 16:05:06 +0000, 2014-10-07 18:59:45 +0000, 2014-10-07 18:01:56 +0000, 2014-11-20 19:00:51 +0000, 2014-08-26 12:00:14 +0000, 2014-08-26 11:22:55 +0000, 2014-11-25 14:02:18 +0000"
Natural Resources Canada ,"2014-11-24 16:11:04 +0000, 2014-09-03 16:37:09 +0000, 2015-02-20 16:59:35 +0000, 2014-10-21 18:31:07 +0000, 2014-08-20 15:17:52 +0000, 2014-08-20 15:16:44 +0000, 2014-08-20 14:26:13 +0000, 2014-07-18 21:55:27 +0000, 2014-07-18 21:56:04 +0000, 2015-01-23 20:08:34 +0000, 2015-02-05 21:35:59 +0000, 2014-09-04 22:26:59 +0000, 2014-12-28 22:02:51 +0000, 2014-12-28 01:04:36 +0000, 2015-02-02 14:28:18 +0000, 2015-02-05 21:35:06 +0000, 2014-12-22 19:14:59 +0000, 2014-12-08 23:02:05 +0000, 2014-12-15 23:23:21 +0000, 2014-12-15 19:08:42 +0000, 2014-12-13 21:42:29 +0000, 2014-12-08 18:32:17 +0000, 2014-12-08 23:05:09 +0000, 2015-01-06 20:17:29 +0000, 2014-12-02 21:48:42 +0000, 2014-12-03 23:26:25 +0000, 2014-12-02 21:18:10 +0000, 2014-12-01 22:52:01 +0000, 2014-12-01 21:23:14 +0000, 2014-11-24 22:40:23 +0000, 2014-11-24 22:28:42 +0000, 2014-11-24 20:18:48 +0000, 2014-09-04 22:25:56 +0000, 2014-11-24 19:42:43 +0000, 2014-11-21 17:22:33 +0000, 2014-11-14 21:16:11 +0000, 2014-11-12 20:44:59 +0000, 2014-10-14 19:04:18 +0000, 2015-02-23 13:58:49 +0000, 2015-02-27 16:42:31 +0000, 2014-07-21 21:10:38 +0000, 2014-07-24 21:17:30 +0000, 2015-01-12 20:49:55 +0000, 2014-11-04 16:59:13 +0000, 2014-10-29 13:54:33 +0000, 2014-07-21 17:33:42 +0000, 2014-08-05 21:24:37 +0000, 2014-08-05 22:31:56 +0000, 2014-08-06 19:41:16 +0000, 2014-10-23 17:01:32 +0000, 2014-07-21 17:35:12 +0000, 2014-10-20 13:31:08 +0000, 2014-10-08 17:56:51 +0000, 2014-08-06 20:13:34 +0000, 2014-08-07 21:12:37 +0000, 2014-10-30 18:10:14 +0000, 2014-08-14 16:32:34 +0000, 2014-11-03 15:00:22 +0000, 2014-10-06 19:33:30 +0000, 2014-10-24 14:03:21 +0000, 2014-10-29 14:30:53 +0000, 2014-10-29 14:32:23 +0000, 2014-10-29 14:35:55 +0000, 2014-11-10 16:53:40 +0000, 2014-10-14 20:45:23 +0000, 2014-09-16 21:01:27 +0000, 2014-12-11 16:12:30 +0000, 2014-09-02 19:13:18 +0000, 2014-12-03 16:22:05 +0000, 2014-12-03 16:13:49 +0000, 2014-08-20 15:11:16 +0000, 2014-09-02 18:08:21 +0000, 2014-09-02 18:26:29 +0000"
Library and Archives Canada ,"2014-12-16 15:56:12 +0000, 2014-12-16 15:19:02 +0000, 2014-08-22 22:09:17 +0000, 2014-09-08 16:07:24 +0000, 2014-10-06 13:58:57 +0000, 2014-08-06 19:27:04 +0000, 2014-12-16 15:22:51 +0000, 2014-12-16 15:32:47 +0000, 2014-11-03 15:19:33 +0000, 2014-12-16 15:33:41 +0000, 2014-07-22 14:51:10 +0000, 2014-09-08 15:41:20 +0000, 2014-12-16 15:21:05 +0000, 2014-12-16 15:36:36 +0000, 2014-08-06 13:26:12 +0000, 2014-12-16 14:02:24 +0000, 2014-12-16 15:52:01 +0000, 2014-12-16 12:38:00 +0000, 2014-12-16 15:57:56 +0000, 2014-12-16 14:07:34 +0000, 2015-01-23 12:03:34 +0000, 2014-12-16 14:33:54 +0000, 2014-12-16 14:46:25 +0000, 2014-12-16 14:51:27 +0000, 2014-10-23 18:23:38 +0000, 2014-07-24 13:29:15 +0000, 2015-01-23 12:02:39 +0000, 2014-10-23 18:25:02 +0000, 2014-12-16 14:55:13 +0000, 2014-10-23 18:08:50 +0000, 2014-10-23 18:26:24 +0000"
Industry Canada ,"2014-11-12 17:15:08 +0000, 2014-11-14 16:55:27 +0000, 2014-09-19 19:53:27 +0000, 2014-10-30 18:29:27 +0000, 2014-10-01 14:23:10 +0000, 2015-02-18 19:59:21 +0000, 2015-01-12 19:03:24 +0000, 2014-08-15 19:17:52 +0000, 2015-01-12 16:32:28 +0000, 2014-08-15 19:18:43 +0000, 2015-03-03 15:36:30 +0000, 2014-08-01 14:35:00 +0000, 2014-07-30 19:23:30 +0000, 2015-02-12 15:25:28 +0000, 2015-03-04 14:39:45 +0000, 2014-08-29 19:32:41 +0000, 2014-09-03 16:22:29 +0000, 2014-11-05 20:44:44 +0000, 2014-07-30 15:26:40 +0000, 2015-02-19 22:39:01 +0000, 2015-02-19 22:40:58 +0000, 2014-10-16 20:12:54 +0000, 2014-11-05 14:56:57 +0000, 2014-10-28 15:41:17 +0000, 2014-10-17 19:08:51 +0000, 2014-10-06 14:29:52 +0000, 2014-10-03 14:15:24 +0000, 2014-10-03 14:13:39 +0000, 2014-10-03 13:47:21 +0000, 2014-09-23 15:43:51 +0000, 2014-07-30 16:22:29 +0000, 2014-12-23 15:04:15 +0000, 2014-10-14 19:15:49 +0000, 2014-10-15 15:48:28 +0000, 2014-07-30 16:39:43 +0000, 2014-12-19 19:28:42 +0000, 2014-12-31 16:23:21 +0000, 2014-12-31 16:24:04 +0000, 2015-01-21 00:51:53 +0000, 2015-01-21 00:52:32 +0000, 2014-12-05 15:24:12 +0000, 2014-10-14 19:33:53 +0000, 2014-10-14 19:00:39 +0000, 2014-12-02 16:29:09 +0000"
Government of Canada ,"2014-12-17 19:17:23 +0000, 2014-07-30 13:03:11 +0000, 2014-07-30 14:05:38 +0000, 2014-07-30 14:07:05 +0000, 2014-07-30 15:44:38 +0000, 2015-01-23 14:37:34 +0000, 2015-01-09 13:14:02 +0000, 2015-01-09 13:13:17 +0000, 2014-11-14 18:31:32 +0000, 2015-01-09 13:08:33 +0000, 2014-11-14 18:21:09 +0000, 2014-11-14 17:44:41 +0000, 2014-09-16 16:41:37 +0000, 2014-08-27 12:18:11 +0000, 2015-01-09 12:56:13 +0000, 2014-09-16 16:43:19 +0000, 2015-01-09 12:55:16 +0000, 2014-11-14 17:42:55 +0000, 2015-01-09 12:54:52 +0000, 2015-01-09 12:53:03 +0000, 2014-11-14 17:41:54 +0000, 2014-10-29 15:31:04 +0000, 2014-10-29 15:13:04 +0000, 2014-07-09 14:26:22 +0000, 2014-07-09 14:22:45 +0000, 2014-12-19 14:31:40 +0000, 2014-10-29 15:12:32 +0000, 2014-10-29 15:06:47 +0000, 2014-10-29 15:04:39 +0000, 2014-10-29 14:17:37 +0000, 2014-09-09 17:00:51 +0000, 2014-10-29 14:17:00 +0000, 2014-09-09 17:31:48 +0000, 2014-09-09 18:02:13 +0000, 2014-12-19 14:31:11 +0000, 2014-12-19 14:29:59 +0000, 2014-11-28 15:57:38 +0000, 2014-09-09 18:02:59 +0000, 2014-12-17 19:18:34 +0000, 2014-10-29 15:07:58 +0000, 2014-12-16 18:37:09 +0000, 2014-10-29 11:40:26 +0000, 2014-12-16 16:42:19 +0000, 2014-09-16 16:42:40 +0000, 2014-09-25 11:53:26 +0000, 2014-09-26 13:24:15 +0000, 2014-09-26 13:31:30 +0000, 2014-09-26 13:32:12 +0000, 2014-09-26 14:04:20 +0000, 2014-10-29 11:29:20 +0000, 2014-10-29 11:26:43 +0000, 2014-09-09 18:02:42 +0000, 2015-02-03 17:16:01 +0000"
Finance Canada ,"2014-10-21 21:38:50 +0000, 2015-01-02 14:53:49 +0000, 2015-01-02 14:55:11 +0000, 2015-01-05 21:29:16 +0000, 2014-10-21 21:34:04 +0000, 2014-10-21 21:30:18 +0000, 2014-09-15 21:28:42 +0000, 2014-09-09 17:04:00 +0000, 2015-01-24 01:57:05 +0000, 2015-01-21 21:31:24 +0000, 2014-09-18 18:32:22 +0000, 2015-02-08 20:32:44 +0000, 2014-09-15 23:12:57 +0000, 2014-12-29 20:41:17 +0000, 2014-09-17 20:53:17 +0000, 2014-10-19 04:06:14 +0000, 2014-12-01 17:20:30 +0000, 2014-12-13 00:11:25 +0000, 2014-10-28 19:41:59 +0000, 2014-09-17 20:54:02 +0000, 2014-09-16 20:38:53 +0000, 2014-10-21 21:43:56 +0000, 2014-12-22 16:02:20 +0000, 2015-01-02 14:53:15 +0000"
Federal Court of Canada ,2014-09-23 14:12:46 +0000
Statistics Canada ,"2014-12-16 14:30:52 +0000, 2014-07-21 17:33:53 +0000, 2014-09-02 16:06:27 +0000, 2015-01-15 15:39:54 +0000, 2014-09-17 18:17:31 +0000, 2014-09-17 18:19:02 +0000, 2014-09-17 18:19:48 +0000, 2014-09-17 18:22:31 +0000, 2014-09-11 17:28:38 +0000, 2014-09-11 17:32:27 +0000, 2014-09-11 17:34:17 +0000, 2014-09-11 17:35:12 +0000, 2014-10-03 19:02:18 +0000, 2014-10-03 19:35:51 +0000, 2014-10-03 19:36:47 +0000, 2014-10-03 19:47:20 +0000, 2014-10-10 18:41:55 +0000, 2014-07-24 20:34:36 +0000, 2014-09-05 18:39:33 +0000"
Department of Justice Canada ,"2014-11-03 16:38:00 +0000, 2014-10-27 15:17:18 +0000, 2014-12-11 17:53:08 +0000, 2014-12-30 15:41:47 +0000, 2014-11-12 15:37:51 +0000, 2014-10-14 17:18:52 +0000, 2014-09-29 18:39:20 +0000, 2014-07-24 20:39:48 +0000, 2015-02-11 23:44:32 +0000, 2015-02-11 23:42:42 +0000, 2015-02-17 17:16:18 +0000, 2015-02-17 17:17:38 +0000, 2014-08-13 14:38:31 +0000, 2014-08-13 14:38:03 +0000, 2015-01-21 14:31:45 +0000, 2015-01-23 13:46:52 +0000, 2014-12-23 16:10:42 +0000, 2014-12-23 16:09:49 +0000, 2014-07-18 15:41:37 +0000, 2015-02-13 17:33:03 +0000, 2014-11-18 19:55:33 +0000, 2014-11-18 19:54:00 +0000, 2014-11-03 18:14:56 +0000, 2014-11-03 18:01:56 +0000, 2014-11-03 17:57:26 +0000, 2014-11-03 17:56:13 +0000, 2014-11-03 16:53:38 +0000, 2014-11-03 16:46:18 +0000, 2015-02-27 17:21:39 +0000"
Department of Fisheries and Oceans ,"2014-12-16 13:39:38 +0000, 2014-10-22 17:17:46 +0000, 2014-07-24 13:12:28 +0000, 2014-11-05 19:15:28 +0000, 2014-11-28 17:46:19 +0000, 2014-11-05 19:17:04 +0000, 2014-11-05 18:51:39 +0000, 2014-07-23 16:15:14 +0000, 2014-08-13 14:51:45 +0000, 2015-02-03 14:14:00 +0000, 2015-02-09 13:50:29 +0000, 2015-01-27 15:03:14 +0000, 2015-01-27 15:00:09 +0000, 2015-01-27 14:58:20 +0000, 2014-11-13 19:36:49 +0000, 2015-01-27 14:59:22 +0000, 2014-11-05 18:46:44 +0000, 2014-12-10 22:46:38 +0000, 2014-07-29 20:36:03 +0000, 2014-11-13 19:38:22 +0000, 2014-07-29 20:35:13 +0000, 2014-09-04 18:45:37 +0000"
Correctional Services Canada ,2014-09-02 20:27:37 +0000
Canadian Space Agency ,"2014-12-24 15:50:23 +0000, 2014-12-24 15:50:57 +0000, 2014-12-24 15:52:04 +0000, 2014-09-05 18:09:39 +0000, 2014-12-24 16:01:10 +0000, 2014-12-24 15:27:43 +0000, 2014-09-02 18:43:17 +0000, 2014-09-02 18:13:27 +0000, 2014-12-24 15:32:31 +0000, 2014-12-24 15:52:16 +0000"
Canadian Museum of Civilization ,"2014-08-27 14:01:24 +0000, 2014-10-25 19:42:38 +0000, 2014-12-10 16:22:59 +0000, 2015-03-05 19:01:29 +0000, 2015-03-05 18:59:41 +0000"
Canadian House of Commons ,"2014-07-22 19:00:58 +0000, 2015-01-29 16:44:40 +0000, 2015-02-23 19:49:43 +0000, 2014-07-15 17:34:38 +0000, 2014-08-26 17:01:32 +0000, 2015-02-02 18:08:10 +0000, 2015-02-02 18:08:58 +0000, 2014-11-17 19:21:10 +0000, 2014-11-21 15:46:43 +0000, 2014-11-21 15:54:10 +0000, 2014-11-21 15:57:27 +0000, 2014-07-11 18:10:35 +0000, 2014-07-11 18:11:28 +0000, 2014-09-09 20:57:28 +0000, 2014-07-15 17:58:43 +0000, 2015-02-02 18:09:22 +0000, 2014-12-29 19:30:10 +0000, 2014-08-01 18:45:52 +0000, 2014-08-07 15:18:35 +0000, 2014-10-28 19:16:35 +0000, 2014-10-28 19:20:01 +0000, 2014-08-05 15:01:14 +0000, 2014-07-21 16:31:58 +0000, 2014-07-14 17:26:00 +0000, 2015-01-27 15:21:02 +0000, 2014-07-22 19:04:13 +0000, 2014-07-25 19:27:20 +0000, 2014-12-17 15:11:17 +0000, 2014-09-03 17:54:29 +0000, 2014-10-01 13:07:37 +0000, 2014-12-23 08:49:56 +0000, 2014-10-10 15:57:02 +0000, 2014-09-16 20:12:16 +0000, 2014-08-20 15:03:32 +0000, 2014-08-20 14:53:34 +0000, 2015-02-06 20:01:37 +0000, 2014-07-25 19:54:45 +0000, 2014-08-01 17:08:43 +0000, 2014-07-14 20:04:35 +0000, 2014-07-14 20:08:40 +0000, 2014-07-15 17:43:58 +0000, 2014-07-15 18:09:34 +0000, 2014-07-15 17:46:49 +0000, 2014-07-15 17:47:45 +0000, 2014-07-15 17:55:12 +0000, 2014-07-16 14:09:05 +0000, 2014-07-25 18:07:20 +0000, 2014-07-22 16:24:09 +0000, 2014-08-15 14:08:45 +0000, 2014-07-15 18:02:04 +0000, 2014-07-15 17:52:03 +0000, 2014-07-23 17:12:55 +0000, 2014-07-24 20:21:41 +0000, 2014-07-24 20:28:05 +0000, 2014-12-16 23:47:47 +0000, 2014-07-25 19:35:44 +0000, 2014-07-24 20:32:08 +0000, 2014-07-25 19:47:49 +0000, 2014-07-29 19:19:06 +0000, 2014-07-29 19:19:31 +0000, 2015-02-02 16:11:28 +0000, 2014-12-23 08:46:23 +0000, 2014-07-15 17:50:23 +0000, 2015-03-05 16:24:51 +0000, 2015-03-05 16:18:25 +0000, 2015-03-05 16:16:08 +0000, 2015-03-02 18:32:22 +0000, 2015-03-02 18:31:16 +0000, 2015-02-27 20:22:55 +0000, 2015-02-27 20:18:46 +0000, 2015-02-27 20:15:08 +0000, 2015-02-26 19:20:32 +0000, 2015-02-26 18:47:35 +0000, 2015-02-25 23:18:22 +0000, 2015-02-25 22:11:45 +0000, 2015-02-25 22:09:18 +0000, 2015-02-17 18:33:47 +0000, 2014-07-29 20:05:32 +0000, 2014-07-15 17:45:25 +0000, 2014-08-01 18:31:41 +0000, 2015-02-02 20:23:52 +0000, 2014-08-05 14:57:39 +0000, 2015-02-02 16:45:47 +0000, 2015-01-30 18:29:38 +0000, 2015-01-29 16:28:37 +0000, 2014-08-06 19:53:07 +0000, 2014-08-07 18:27:42 +0000, 2015-01-26 16:10:05 +0000, 2015-01-23 20:36:55 +0000, 2015-01-23 16:48:22 +0000, 2015-01-22 21:29:39 +0000, 2015-01-22 21:19:23 +0000, 2015-01-21 15:24:57 +0000, 2015-01-21 15:23:33 +0000, 2014-09-10 17:10:18 +0000, 2015-01-21 15:18:21 +0000, 2015-01-21 15:15:50 +0000, 2015-01-21 15:09:27 +0000, 2015-01-15 16:33:53 +0000, 2015-01-15 16:33:18 +0000, 2015-01-15 16:32:08 +0000, 2015-01-15 16:27:37 +0000, 2015-01-15 16:10:14 +0000, 2015-01-15 16:07:32 +0000, 2014-08-15 15:39:36 +0000, 2015-01-13 20:45:09 +0000, 2015-01-13 19:17:30 +0000, 2015-01-13 18:49:33 +0000, 2015-01-13 14:52:34 +0000, 2014-12-22 21:22:04 +0000, 2014-12-22 18:54:05 +0000, 2014-12-17 20:31:54 +0000, 2014-12-17 15:53:19 +0000, 2014-12-15 22:06:10 +0000, 2014-12-11 19:57:37 +0000, 2014-12-11 19:45:56 +0000, 2014-12-10 20:44:00 +0000, 2014-11-25 20:58:57 +0000, 2014-11-17 17:20:57 +0000, 2014-11-17 17:20:21 +0000, 2014-11-17 17:18:47 +0000, 2014-11-12 16:53:41 +0000, 2014-11-05 20:48:40 +0000, 2014-07-25 13:46:11 +0000, 2014-10-08 15:36:39 +0000, 2014-11-03 21:42:06 +0000, 2014-11-03 21:26:10 +0000, 2014-11-03 21:24:29 +0000, 2014-11-03 21:23:28 +0000, 2014-10-28 22:09:17 +0000, 2014-10-28 19:49:10 +0000, 2014-08-19 13:47:31 +0000, 2014-08-19 16:45:25 +0000, 2014-08-20 14:55:55 +0000, 2014-08-21 17:22:39 +0000, 2014-12-16 15:15:50 +0000, 2014-10-21 21:49:05 +0000, 2014-08-28 18:17:54 +0000, 2014-07-15 17:54:01 +0000, 2014-10-15 19:27:25 +0000, 2014-10-15 19:25:27 +0000, 2014-10-15 19:25:01 +0000, 2014-10-15 19:15:10 +0000, 2014-10-15 19:10:36 +0000, 2014-10-15 19:08:58 +0000, 2014-10-14 19:19:16 +0000, 2014-10-14 18:28:07 +0000, 2014-09-03 15:00:37 +0000, 2014-10-07 17:49:02 +0000, 2014-10-03 22:10:58 +0000, 2014-10-03 18:59:13 +0000, 2014-09-03 16:47:46 +0000, 2014-09-03 16:52:54 +0000, 2014-09-03 17:05:16 +0000, 2014-09-03 17:08:08 +0000, 2014-09-03 17:33:45 +0000, 2014-09-16 22:38:47 +0000, 2014-09-10 17:15:04 +0000, 2015-01-21 15:22:17 +0000"
Canadian Department of National Defence ,"2014-11-13 17:15:16 +0000, 2015-02-03 17:22:57 +0000, 2014-09-22 17:39:55 +0000, 2014-09-22 17:41:53 +0000, 2014-10-01 18:49:57 +0000, 2014-10-01 18:58:27 +0000, 2014-10-09 18:53:26 +0000, 2014-10-16 14:16:17 +0000, 2014-10-20 14:07:38 +0000, 2014-08-24 23:29:26 +0000, 2014-08-24 23:27:20 +0000, 2014-08-24 19:27:42 +0000, 2014-10-26 10:35:53 +0000, 2014-12-01 19:56:44 +0000, 2015-01-13 17:08:06 +0000, 2015-01-26 18:58:36 +0000, 2015-01-15 14:01:52 +0000, 2014-08-14 00:03:31 +0000, 2015-01-26 18:37:11 +0000, 2015-01-29 12:53:22 +0000, 2014-08-06 13:58:54 +0000, 2015-02-02 19:37:28 +0000, 2015-02-03 17:22:22 +0000, 2015-01-26 19:00:39 +0000, 2014-10-08 15:57:52 +0000, 2014-10-08 16:02:02 +0000, 2014-10-17 13:24:10 +0000, 2014-10-17 13:26:45 +0000, 2014-10-07 15:35:57 +0000, 2014-08-28 00:54:25 +0000, 2014-07-14 18:06:12 +0000, 2014-08-26 14:12:01 +0000, 2014-07-21 17:06:12 +0000, 2014-08-28 00:52:46 +0000, 2014-11-12 18:00:22 +0000, 2014-11-13 18:10:42 +0000, 2014-11-24 18:34:10 +0000, 2014-12-02 16:22:17 +0000, 2014-12-04 15:02:55 +0000, 2014-12-04 15:04:53 +0000, 2014-12-09 19:29:57 +0000, 2014-07-11 18:22:57 +0000, 2015-01-20 14:16:23 +0000, 2014-08-20 17:56:36 +0000, 2014-08-04 10:26:06 +0000, 2014-12-09 19:35:02 +0000, 2015-02-26 20:22:35 +0000, 2015-02-26 20:20:31 +0000, 2015-02-26 20:19:20 +0000, 2015-02-26 20:18:16 +0000, 2015-02-26 20:17:02 +0000, 2015-02-26 20:14:53 +0000, 2015-02-26 20:10:35 +0000, 2015-02-26 20:10:07 +0000, 2015-02-26 20:08:22 +0000, 2015-02-26 20:03:34 +0000, 2015-02-26 16:57:16 +0000, 2015-02-26 16:56:47 +0000, 2015-02-26 15:39:06 +0000, 2015-02-23 13:57:35 +0000, 2014-12-09 19:36:05 +0000, 2014-12-09 19:37:04 +0000, 2015-02-03 16:40:54 +0000, 2015-01-29 18:55:30 +0000, 2014-12-09 19:42:20 +0000, 2014-12-09 19:43:09 +0000, 2014-12-09 19:55:33 +0000, 2014-12-09 19:57:15 +0000, 2015-01-23 16:15:51 +0000, 2015-01-09 15:37:24 +0000, 2015-01-09 15:37:08 +0000, 2015-01-06 18:35:38 +0000, 2015-01-06 18:35:02 +0000, 2014-12-29 13:28:52 +0000, 2014-12-29 13:27:54 +0000, 2014-12-29 13:25:51 +0000, 2014-12-09 19:58:49 +0000, 2014-12-15 15:02:37 +0000, 2014-12-17 21:55:51 +0000, 2014-12-16 16:50:18 +0000, 2014-12-29 13:17:54 +0000, 2014-12-02 17:23:05 +0000, 2014-11-29 02:04:05 +0000, 2014-08-28 00:51:49 +0000, 2014-11-26 17:49:25 +0000, 2014-11-06 15:52:01 +0000, 2015-01-20 13:38:58 +0000, 2014-08-14 18:47:46 +0000, 2014-08-28 00:49:08 +0000, 2014-09-18 18:45:23 +0000, 2014-09-17 15:43:19 +0000, 2014-09-10 19:51:42 +0000, 2014-08-27 19:45:02 +0000, 2014-08-27 19:44:08 +0000, 2014-08-28 00:46:47 +0000, 2014-11-29 01:07:05 +0000, 2014-08-26 13:35:35 +0000, 2014-09-03 17:02:33 +0000, 2014-09-08 10:59:44 +0000, 2014-07-15 16:13:32 +0000, 2014-07-15 16:12:50 +0000, 2014-11-29 00:45:15 +0000, 2014-10-24 13:46:52 +0000, 2015-02-25 20:49:53 +0000, 2015-02-21 15:00:17 +0000, 2015-03-03 13:41:20 +0000, 2015-03-02 22:37:37 +0000, 2015-03-02 19:08:51 +0000, 2015-03-02 19:07:17 +0000, 2015-03-02 15:44:37 +0000, 2015-03-02 15:43:43 +0000, 2015-03-02 15:39:39 +0000, 2015-02-26 15:46:19 +0000, 2015-02-26 15:42:31 +0000, 2015-02-26 15:34:05 +0000, 2015-02-26 15:32:12 +0000, 2015-02-24 21:28:58 +0000, 2015-02-23 19:58:21 +0000, 2015-02-23 18:46:12 +0000, 2015-02-23 17:33:31 +0000, 2015-02-23 17:30:37 +0000, 2015-02-20 17:16:04 +0000, 2015-02-20 17:15:40 +0000, 2015-02-20 17:14:54 +0000, 2015-02-20 17:03:24 +0000, 2015-02-19 20:33:54 +0000, 2015-02-19 20:30:32 +0000, 2015-02-19 20:26:34 +0000, 2015-02-19 20:23:52 +0000, 2015-02-19 20:21:45 +0000, 2015-02-19 19:09:33 +0000, 2015-02-19 19:02:34 +0000, 2015-02-19 18:31:18 +0000, 2015-02-19 18:27:22 +0000, 2015-02-19 17:27:00 +0000, 2015-02-19 17:24:30 +0000, 2015-02-19 17:22:49 +0000, 2015-02-19 17:21:53 +0000, 2015-02-19 17:20:38 +0000, 2015-02-19 17:14:40 +0000, 2015-02-19 17:07:05 +0000, 2015-02-19 16:57:03 +0000, 2015-02-19 16:55:12 +0000, 2015-02-19 16:52:40 +0000, 2015-02-19 16:35:55 +0000, 2015-02-19 15:50:31 +0000, 2015-02-19 15:49:29 +0000, 2015-02-19 15:45:09 +0000, 2015-02-19 15:43:28 +0000, 2015-02-19 15:41:36 +0000, 2015-02-19 15:40:41 +0000, 2015-02-19 15:36:26 +0000, 2015-02-19 15:32:58 +0000, 2015-02-19 15:31:28 +0000, 2015-02-18 22:50:55 +0000, 2015-02-18 22:39:01 +0000, 2015-02-18 22:27:17 +0000, 2015-02-18 22:19:39 +0000, 2015-02-18 22:13:19 +0000, 2015-02-18 22:10:03 +0000, 2015-02-18 22:05:37 +0000, 2015-02-18 21:51:04 +0000, 2015-02-18 21:46:05 +0000, 2015-02-18 21:42:22 +0000, 2015-02-18 21:36:55 +0000, 2015-02-18 21:29:32 +0000, 2015-02-18 21:22:35 +0000, 2015-02-18 21:16:17 +0000, 2015-02-18 21:13:59 +0000, 2015-02-18 21:04:45 +0000, 2015-02-18 20:54:06 +0000, 2015-02-18 20:42:13 +0000, 2015-02-18 20:40:25 +0000, 2015-02-18 20:39:08 +0000, 2015-02-18 20:38:28 +0000, 2015-02-18 20:34:18 +0000, 2015-02-18 19:56:03 +0000, 2015-02-18 19:52:14 +0000, 2015-02-18 19:51:53 +0000, 2015-02-18 19:51:10 +0000, 2015-02-18 19:47:12 +0000, 2015-02-18 19:41:46 +0000, 2015-02-18 19:38:53 +0000, 2015-02-18 19:35:32 +0000, 2015-02-18 19:29:55 +0000, 2015-02-18 16:57:38 +0000, 2015-02-17 23:04:04 +0000, 2015-02-17 23:02:57 +0000, 2015-02-17 22:52:09 +0000, 2015-02-17 22:47:03 +0000, 2015-02-17 22:22:41 +0000, 2015-02-17 16:53:39 +0000, 2015-02-16 16:49:42 +0000, 2015-02-11 17:24:52 +0000, 2015-02-11 14:37:27 +0000, 2015-02-10 18:26:01 +0000, 2015-02-10 16:34:11 +0000, 2015-02-09 10:54:39 +0000, 2015-02-06 18:05:17 +0000, 2015-02-06 17:56:16 +0000, 2015-02-06 17:55:44 +0000, 2015-02-06 14:21:31 +0000, 2015-02-05 16:30:17 +0000, 2015-02-05 15:44:09 +0000, 2015-02-05 13:39:02 +0000, 2015-02-03 22:43:24 +0000, 2015-02-03 12:35:45 +0000, 2015-01-30 20:15:15 +0000, 2015-01-30 15:49:56 +0000, 2015-01-28 23:01:59 +0000, 2015-01-26 20:04:08 +0000, 2015-01-26 20:03:07 +0000, 2015-01-26 20:01:16 +0000, 2015-01-26 19:59:44 +0000, 2015-01-26 19:57:35 +0000, 2015-01-26 17:45:33 +0000, 2015-01-19 16:08:56 +0000, 2015-01-19 16:05:05 +0000, 2015-01-16 19:24:45 +0000, 2015-01-16 18:22:58 +0000, 2015-01-09 23:19:48 +0000, 2015-01-09 12:27:48 +0000, 2014-12-30 17:51:06 +0000, 2014-12-23 02:18:04 +0000, 2014-12-22 14:18:43 +0000, 2014-12-17 19:29:45 +0000, 2014-12-15 17:55:59 +0000, 2014-12-15 17:53:55 +0000, 2014-12-15 17:49:33 +0000, 2014-12-15 17:46:01 +0000, 2014-12-15 17:42:32 +0000, 2014-12-15 17:37:38 +0000, 2014-12-12 23:07:08 +0000, 2014-12-12 23:06:42 +0000, 2014-12-10 21:40:38 +0000, 2014-12-10 21:35:32 +0000, 2014-12-10 21:00:47 +0000, 2014-12-10 20:58:08 +0000, 2014-12-10 20:49:36 +0000, 2014-12-10 20:48:50 +0000, 2014-12-10 17:26:35 +0000, 2014-12-03 14:23:27 +0000, 2014-12-03 14:22:34 +0000, 2014-12-03 14:21:50 +0000, 2014-11-28 14:12:29 +0000, 2014-11-26 14:15:03 +0000, 2014-11-26 14:14:43 +0000, 2014-11-26 14:14:19 +0000, 2014-11-25 17:12:14 +0000, 2014-11-21 20:29:48 +0000, 2014-11-21 20:11:31 +0000, 2014-11-21 20:11:11 +0000, 2014-10-28 17:01:14 +0000, 2014-11-03 13:33:37 +0000, 2014-11-04 20:18:11 +0000, 2014-11-20 16:38:13 +0000, 2014-11-19 15:33:50 +0000, 2014-11-19 15:32:44 +0000, 2014-11-18 17:39:55 +0000, 2014-11-18 15:26:59 +0000, 2014-11-17 21:39:25 +0000, 2014-11-13 19:26:21 +0000, 2014-11-13 19:25:10 +0000, 2014-11-06 12:54:24 +0000, 2014-11-05 14:51:22 +0000, 2014-11-05 14:48:19 +0000, 2014-10-31 12:38:44 +0000, 2014-10-31 12:36:34 +0000, 2014-10-23 20:06:35 +0000, 2014-08-01 15:46:55 +0000, 2014-10-10 06:45:37 +0000, 2014-10-10 06:42:47 +0000, 2014-10-10 06:36:01 +0000, 2014-10-10 06:34:05 +0000, 2014-10-10 06:31:28 +0000, 2014-10-10 06:29:28 +0000, 2014-10-10 06:20:13 +0000, 2014-10-09 21:30:33 +0000, 2014-10-09 21:16:00 +0000, 2014-10-09 18:25:40 +0000, 2014-10-09 15:08:11 +0000, 2014-10-07 21:06:52 +0000, 2014-10-05 17:49:22 +0000, 2014-10-03 14:54:04 +0000, 2014-10-03 14:48:14 +0000, 2014-09-25 03:38:11 +0000, 2014-09-25 03:33:49 +0000, 2014-09-24 14:51:12 +0000, 2014-09-24 14:41:33 +0000, 2014-09-24 12:12:02 +0000, 2014-09-24 12:03:08 +0000, 2014-09-19 15:11:35 +0000, 2014-09-19 12:53:15 +0000, 2014-09-17 17:35:39 +0000, 2014-09-11 23:30:40 +0000, 2014-09-11 14:39:02 +0000, 2014-09-11 12:07:49 +0000, 2014-09-10 17:49:56 +0000, 2014-09-10 12:16:26 +0000, 2014-09-10 12:13:30 +0000, 2014-09-08 15:05:59 +0000, 2014-09-08 13:40:20 +0000, 2014-09-03 20:33:17 +0000, 2014-09-03 20:03:42 +0000, 2014-11-18 13:03:49 +0000, 2014-11-18 13:07:11 +0000, 2014-08-31 20:17:40 +0000, 2014-08-29 16:55:34 +0000, 2014-08-28 20:26:10 +0000, 2014-08-28 19:24:38 +0000, 2014-08-28 16:05:07 +0000, 2014-08-28 16:03:46 +0000, 2014-08-28 15:52:42 +0000, 2014-08-28 01:15:05 +0000, 2014-08-27 16:17:40 +0000, 2014-11-24 12:47:50 +0000, 2014-08-26 15:03:31 +0000, 2014-08-26 15:02:34 +0000, 2014-08-25 18:56:25 +0000, 2014-08-20 16:46:18 +0000, 2014-08-14 22:38:22 +0000, 2014-08-14 22:35:31 +0000, 2014-08-14 00:00:35 +0000, 2014-08-13 23:54:58 +0000, 2014-08-13 23:41:35 +0000, 2014-08-13 23:14:00 +0000, 2014-08-06 14:19:03 +0000, 2014-07-25 18:25:20 +0000, 2014-07-25 18:22:47 +0000, 2014-07-24 17:48:25 +0000, 2014-07-24 17:45:07 +0000, 2014-07-24 17:44:14 +0000, 2014-07-23 20:16:07 +0000, 2014-07-23 13:21:19 +0000, 2014-07-21 15:57:31 +0000, 2014-07-21 11:51:21 +0000, 2014-07-18 16:28:39 +0000, 2014-07-18 12:18:58 +0000, 2014-07-17 18:11:46 +0000, 2014-07-16 18:31:19 +0000, 2014-07-16 18:27:06 +0000, 2014-07-16 18:25:42 +0000, 2014-07-16 18:02:31 +0000, 2014-07-16 17:42:18 +0000, 2014-07-16 17:32:31 +0000, 2014-07-16 14:02:29 +0000, 2014-12-04 18:24:50 +0000, 2014-07-15 13:53:44 +0000, 2014-07-15 12:35:53 +0000, 2014-07-15 12:31:26 +0000, 2014-07-15 12:21:51 +0000, 2014-07-14 17:32:43 +0000, 2014-07-11 13:03:39 +0000, 2015-02-26 00:32:05 +0000, 2014-08-31 20:21:15 +0000, 2014-08-31 20:19:34 +0000, 2014-12-31 14:15:01 +0000, 2014-08-31 19:54:55 +0000, 2014-08-28 02:04:24 +0000, 2015-02-11 15:27:32 +0000, 2014-12-31 14:16:22 +0000, 2015-02-02 15:35:36 +0000, 2015-02-02 15:33:21 +0000, 2015-02-02 15:31:52 +0000, 2015-02-02 15:28:50 +0000, 2015-02-02 15:19:18 +0000, 2014-12-31 14:18:46 +0000, 2015-01-28 17:15:21 +0000, 2015-01-24 10:24:10 +0000, 2015-01-24 09:56:12 +0000, 2015-01-24 09:51:50 +0000, 2015-01-24 09:50:47 +0000, 2015-01-22 18:50:27 +0000, 2014-08-31 17:25:24 +0000, 2015-01-13 15:03:09 +0000, 2015-01-13 15:02:47 +0000, 2014-07-28 02:50:17 +0000, 2014-08-29 14:15:08 +0000, 2015-01-20 17:28:48 +0000, 2015-01-12 14:21:49 +0000, 2015-02-14 19:26:52 +0000, 2014-12-18 21:35:42 +0000, 2014-12-18 20:51:21 +0000, 2014-12-18 20:50:27 +0000, 2014-12-22 18:37:17 +0000, 2014-12-12 22:55:09 +0000, 2015-02-03 20:03:47 +0000, 2014-09-04 20:39:30 +0000, 2014-12-15 17:25:01 +0000, 2014-12-09 14:20:57 +0000, 2014-12-08 14:22:18 +0000, 2014-11-27 20:55:55 +0000, 2014-11-24 17:55:33 +0000, 2014-11-21 20:08:46 +0000, 2014-11-21 20:07:39 +0000, 2014-11-21 20:06:28 +0000, 2014-11-21 20:05:51 +0000, 2014-11-20 21:43:55 +0000, 2014-08-27 16:58:52 +0000, 2014-09-04 20:39:50 +0000, 2014-11-13 18:39:38 +0000, 2014-11-11 15:47:46 +0000, 2014-08-13 19:07:34 +0000, 2014-08-13 19:05:47 +0000, 2014-09-04 20:40:30 +0000, 2014-08-13 19:04:13 +0000, 2014-08-13 19:01:58 +0000, 2014-08-13 18:57:27 +0000, 2014-12-05 13:15:17 +0000, 2014-11-29 01:43:57 +0000, 2014-11-29 01:35:18 +0000, 2014-11-29 01:32:44 +0000, 2014-11-29 01:30:52 +0000, 2014-10-12 02:22:08 +0000, 2014-10-10 19:05:13 +0000, 2014-11-29 01:27:57 +0000, 2014-10-03 16:49:29 +0000, 2014-11-11 17:15:45 +0000, 2014-09-08 18:20:55 +0000, 2014-08-27 18:33:29 +0000, 2014-12-15 16:51:25 +0000, 2015-01-09 22:22:56 +0000, 2015-01-28 18:04:21 +0000, 2014-08-13 17:28:19 +0000, 2014-08-06 16:49:56 +0000, 2015-01-28 18:09:22 +0000, 2015-01-28 18:10:32 +0000, 2015-02-03 17:36:33 +0000, 2015-02-03 17:43:46 +0000, 2015-02-03 17:45:30 +0000, 2014-09-08 16:07:02 +0000, 2015-02-12 03:43:53 +0000, 2014-12-29 13:53:13 +0000, 2014-12-29 13:52:28 +0000, 2014-12-29 13:51:42 +0000, 2014-12-29 13:49:48 +0000, 2014-12-29 13:48:19 +0000, 2014-09-30 16:35:09 +0000, 2014-09-30 16:32:18 +0000, 2014-09-19 14:19:31 +0000, 2014-07-20 07:52:36 +0000, 2014-11-29 01:14:13 +0000, 2014-09-15 17:14:39 +0000, 2015-02-03 16:43:59 +0000, 2015-01-30 04:57:34 +0000, 2015-01-21 17:03:56 +0000, 2015-01-13 19:00:41 +0000, 2014-11-29 01:11:43 +0000, 2014-08-27 19:48:03 +0000, 2014-08-13 19:09:00 +0000, 2014-08-13 19:08:20 +0000, 2015-01-10 20:18:45 +0000, 2015-01-10 20:17:55 +0000, 2015-01-10 20:17:25 +0000, 2014-12-01 19:55:45 +0000, 2015-02-16 14:21:09 +0000, 2015-01-26 18:52:25 +0000, 2015-01-09 15:49:16 +0000, 2015-01-09 15:45:01 +0000, 2015-01-09 15:41:22 +0000, 2015-01-05 19:13:20 +0000, 2014-12-18 17:56:05 +0000, 2014-10-17 16:29:03 +0000"
Environment Canada ,"2014-11-28 15:03:36 +0000, 2014-11-04 13:21:32 +0000, 2014-11-04 13:20:51 +0000, 2014-11-04 13:20:08 +0000, 2014-11-04 13:22:40 +0000, 2014-11-04 13:23:41 +0000, 2014-11-04 13:25:08 +0000, 2014-11-04 13:25:55 +0000, 2014-11-04 13:26:46 +0000, 2014-12-01 08:32:21 +0000, 2014-10-28 19:58:18 +0000, 2014-10-28 19:57:43 +0000, 2014-08-19 20:19:43 +0000, 2014-08-19 20:16:31 +0000, 2014-11-04 13:27:35 +0000, 2014-11-04 13:28:30 +0000, 2014-11-04 14:33:44 +0000, 2014-11-04 13:29:05 +0000, 2014-11-04 13:29:39 +0000, 2014-11-04 13:30:13 +0000, 2014-11-04 13:31:24 +0000, 2014-11-28 14:55:45 +0000, 2014-11-28 14:56:52 +0000, 2014-08-19 19:53:17 +0000, 2014-11-04 14:15:33 +0000, 2014-11-28 15:04:40 +0000, 2014-11-28 19:49:16 +0000, 2014-11-28 22:32:51 +0000, 2014-11-28 22:34:18 +0000, 2014-11-04 13:37:35 +0000, 2014-11-04 13:38:48 +0000, 2014-11-04 13:39:48 +0000, 2014-11-04 13:40:42 +0000, 2014-11-04 13:41:37 +0000, 2014-11-04 14:10:44 +0000, 2014-11-13 20:32:31 +0000, 2014-11-04 14:30:37 +0000, 2014-11-04 14:28:42 +0000, 2014-11-04 14:27:21 +0000, 2014-11-04 14:26:39 +0000, 2014-09-11 23:31:37 +0000, 2014-07-23 17:50:55 +0000, 2014-11-04 14:16:56 +0000, 2014-08-19 20:10:06 +0000, 2014-11-04 14:01:46 +0000, 2014-10-28 19:57:03 +0000, 2014-08-19 20:21:23 +0000, 2014-08-19 19:52:11 +0000, 2015-02-21 15:38:41 +0000, 2014-10-27 12:01:59 +0000, 2014-10-16 17:52:25 +0000, 2014-09-04 13:51:51 +0000, 2014-08-06 13:10:41 +0000, 2014-09-07 15:14:34 +0000, 2014-09-07 15:15:36 +0000, 2014-11-04 14:25:55 +0000, 2014-10-09 15:23:57 +0000, 2014-10-09 15:23:21 +0000, 2014-10-08 18:55:54 +0000, 2014-11-04 14:36:24 +0000, 2014-11-04 14:25:06 +0000, 2014-11-04 14:24:24 +0000, 2014-11-04 14:23:47 +0000, 2014-10-16 19:22:59 +0000, 2014-10-22 13:11:40 +0000, 2014-11-04 14:37:53 +0000, 2014-11-04 14:22:20 +0000, 2014-10-16 17:48:25 +0000, 2014-10-16 18:12:56 +0000, 2014-10-16 19:28:25 +0000, 2014-10-16 19:22:22 +0000, 2014-10-16 19:31:11 +0000, 2014-10-16 19:21:50 +0000, 2014-07-24 17:38:30 +0000, 2014-10-21 22:09:01 +0000, 2014-08-28 15:35:18 +0000, 2014-10-30 19:12:06 +0000, 2014-11-04 13:34:15 +0000, 2014-11-04 20:31:33 +0000, 2014-11-04 21:12:08 +0000, 2014-11-04 21:12:48 +0000, 2014-11-04 21:13:20 +0000, 2014-11-07 17:42:51 +0000, 2014-11-09 11:32:09 +0000, 2014-12-15 23:14:06 +0000, 2014-12-15 23:14:46 +0000, 2014-11-18 19:26:14 +0000, 2014-11-21 16:51:26 +0000, 2015-02-21 18:20:25 +0000, 2015-02-21 18:19:54 +0000, 2015-02-21 18:19:04 +0000, 2015-02-21 18:18:19 +0000, 2015-02-21 18:17:40 +0000, 2014-11-30 09:37:12 +0000, 2014-10-16 19:20:39 +0000, 2014-10-16 19:17:42 +0000, 2014-12-17 16:05:43 +0000, 2014-12-17 16:07:23 +0000, 2014-12-17 22:05:53 +0000, 2014-12-17 22:27:39 +0000, 2014-12-17 22:32:27 +0000, 2015-02-21 18:41:57 +0000, 2015-02-21 15:41:15 +0000, 2015-02-21 15:32:42 +0000, 2014-10-16 18:06:42 +0000, 2014-10-16 18:04:57 +0000, 2014-12-17 22:33:11 +0000, 2014-12-17 22:33:41 +0000, 2014-12-17 22:34:06 +0000, 2014-11-04 13:59:02 +0000, 2014-12-17 22:34:30 +0000, 2014-12-17 22:35:06 +0000, 2014-12-17 22:35:51 +0000, 2014-12-17 22:36:30 +0000, 2014-12-17 22:37:23 +0000, 2014-12-17 22:37:56 +0000, 2014-12-28 15:12:19 +0000, 2014-12-17 22:38:34 +0000, 2014-12-20 16:12:54 +0000, 2014-12-20 19:42:55 +0000, 2014-12-20 19:45:01 +0000, 2014-12-16 23:40:04 +0000, 2014-12-20 20:46:18 +0000, 2014-12-21 23:00:01 +0000, 2014-12-21 23:01:43 +0000, 2014-12-08 18:58:28 +0000, 2014-12-22 21:18:51 +0000, 2014-10-16 18:02:58 +0000, 2014-09-17 02:08:44 +0000, 2015-02-20 12:27:26 +0000, 2015-02-20 23:06:21 +0000, 2015-02-21 15:29:59 +0000, 2015-02-21 15:34:01 +0000, 2015-03-01 18:07:30 +0000, 2015-03-01 18:36:04 +0000, 2015-03-01 18:39:26 +0000, 2015-03-01 18:56:55 +0000, 2015-03-01 19:00:15 +0000, 2015-03-06 04:55:13 +0000, 2015-03-06 09:27:29 +0000, 2015-01-16 21:35:52 +0000, 2014-10-30 13:25:23 +0000, 2014-10-30 12:57:37 +0000, 2015-01-16 21:37:38 +0000, 2015-01-16 21:40:25 +0000, 2014-11-04 14:21:18 +0000, 2014-11-04 14:20:19 +0000, 2014-10-14 19:01:41 +0000, 2014-11-13 14:20:53 +0000, 2014-11-22 06:41:46 +0000, 2014-11-30 09:31:43 +0000, 2014-11-30 09:32:58 +0000, 2014-09-15 16:20:44 +0000, 2014-09-10 14:57:41 +0000, 2014-11-30 09:33:41 +0000, 2014-11-30 09:35:00 +0000, 2014-12-01 08:22:41 +0000, 2014-12-01 08:33:29 +0000, 2014-08-29 15:30:21 +0000, 2014-12-01 08:46:35 +0000, 2015-02-17 22:03:07 +0000, 2014-11-04 14:05:22 +0000, 2014-11-19 20:01:38 +0000, 2015-01-09 16:48:40 +0000, 2015-01-09 16:49:12 +0000, 2014-11-04 13:55:40 +0000, 2014-11-04 13:56:37 +0000, 2014-11-04 14:13:53 +0000, 2014-11-20 18:21:30 +0000, 2015-01-19 19:57:12 +0000, 2014-09-17 02:07:09 +0000, 2015-02-21 15:35:01 +0000, 2015-02-21 15:31:48 +0000, 2015-02-26 19:47:36 +0000, 2015-03-06 09:45:33 +0000, 2015-03-03 13:43:35 +0000, 2015-03-05 06:21:58 +0000, 2014-11-04 14:19:20 +0000, 2014-11-04 14:18:02 +0000, 2014-11-30 09:32:15 +0000, 2014-11-04 13:53:49 +0000, 2014-11-04 14:00:56 +0000, 2014-11-04 13:59:55 +0000, 2014-11-04 14:12:44 +0000, 2015-03-06 08:55:00 +0000, 2015-03-06 07:43:59 +0000, 2014-12-22 21:22:11 +0000, 2014-12-21 18:57:26 +0000, 2014-12-16 20:18:20 +0000, 2014-12-16 13:07:36 +0000, 2014-12-01 08:48:09 +0000, 2014-12-01 08:45:11 +0000, 2014-12-01 08:32:43 +0000, 2014-11-04 13:52:49 +0000, 2014-11-04 13:45:14 +0000, 2014-11-04 14:16:11 +0000, 2015-03-06 09:47:15 +0000, 2015-03-06 09:46:51 +0000, 2014-10-16 18:03:41 +0000, 2015-03-06 09:39:41 +0000, 2015-03-06 09:33:16 +0000, 2015-03-06 09:30:44 +0000, 2015-03-06 09:27:02 +0000, 2015-03-06 09:15:28 +0000, 2015-03-06 09:12:11 +0000, 2015-03-06 09:11:08 +0000, 2015-03-06 09:07:20 +0000, 2015-03-06 09:05:32 +0000, 2015-03-06 09:04:33 +0000, 2015-03-06 09:01:13 +0000, 2015-03-06 09:00:53 +0000, 2015-03-06 09:00:33 +0000, 2015-03-06 08:59:40 +0000, 2015-03-06 08:58:15 +0000, 2015-03-06 08:57:18 +0000, 2015-03-06 08:54:18 +0000, 2015-03-06 08:52:13 +0000, 2015-03-06 08:50:23 +0000, 2015-03-06 08:49:35 +0000, 2015-03-06 08:45:10 +0000, 2015-03-06 08:44:36 +0000, 2015-03-06 08:42:20 +0000, 2015-03-06 08:14:37 +0000, 2015-03-06 08:14:10 +0000, 2015-03-06 08:13:37 +0000, 2015-03-06 08:12:54 +0000, 2015-03-06 08:10:09 +0000, 2015-03-06 08:07:56 +0000, 2015-03-06 08:05:32 +0000, 2015-03-06 08:04:28 +0000, 2015-03-06 08:04:04 +0000, 2015-03-06 08:02:50 +0000, 2015-03-06 08:01:40 +0000, 2015-03-06 08:00:42 +0000, 2015-03-06 07:55:55 +0000, 2015-03-06 07:55:38 +0000, 2015-03-06 07:55:16 +0000, 2015-03-06 07:54:59 +0000, 2015-03-06 07:54:40 +0000, 2014-11-04 13:32:17 +0000, 2015-03-06 07:54:22 +0000, 2015-03-06 07:53:24 +0000, 2015-03-06 07:52:00 +0000, 2015-03-06 07:49:26 +0000, 2015-03-06 07:48:59 +0000, 2015-03-06 07:47:47 +0000, 2015-03-06 07:47:13 +0000, 2015-03-06 07:45:33 +0000, 2015-03-06 07:44:57 +0000, 2015-03-06 07:41:33 +0000, 2015-03-06 07:41:09 +0000, 2015-03-06 07:40:36 +0000, 2015-03-06 07:38:29 +0000, 2015-03-06 07:36:43 +0000, 2015-03-06 07:36:13 +0000, 2015-03-06 07:35:07 +0000, 2015-03-05 03:37:22 +0000, 2015-03-05 03:34:04 +0000, 2015-03-05 03:33:24 +0000, 2015-03-05 03:32:51 +0000, 2015-03-05 03:32:24 +0000, 2015-03-05 03:31:57 +0000, 2015-03-05 03:31:34 +0000, 2015-01-26 15:43:37 +0000, 2014-10-16 17:50:21 +0000, 2015-03-05 03:30:57 +0000, 2015-03-05 03:30:29 +0000, 2015-03-05 03:29:43 +0000, 2015-03-05 03:28:46 +0000, 2015-03-05 03:28:12 +0000, 2015-03-05 03:27:21 +0000, 2015-03-05 03:26:20 +0000, 2015-03-05 03:25:52 +0000, 2015-03-01 16:29:37 +0000, 2015-03-01 16:28:14 +0000, 2015-03-01 16:27:05 +0000, 2015-01-19 07:45:12 +0000, 2015-01-16 21:49:02 +0000, 2015-01-16 21:45:24 +0000, 2015-01-16 21:40:03 +0000, 2015-01-16 21:38:08 +0000, 2015-01-10 01:57:26 +0000, 2015-01-09 01:42:02 +0000, 2014-12-30 17:36:38 +0000, 2014-12-30 12:55:40 +0000, 2014-12-30 12:55:05 +0000, 2014-12-30 12:40:51 +0000, 2014-12-29 19:00:16 +0000, 2014-12-29 18:59:18 +0000, 2014-12-29 18:58:21 +0000, 2014-12-29 18:58:04 +0000, 2014-12-29 18:57:17 +0000, 2014-12-29 18:56:21 +0000, 2014-12-29 18:55:21 +0000, 2014-12-29 18:54:01 +0000, 2014-12-29 18:52:38 +0000, 2014-12-29 18:51:33 +0000, 2014-12-29 18:48:07 +0000, 2014-12-22 23:50:05 +0000, 2014-12-22 23:49:20 +0000, 2014-12-22 23:48:26 +0000, 2014-12-22 23:47:14 +0000, 2014-12-22 23:46:28 +0000, 2014-12-22 23:45:55 +0000, 2014-12-22 23:44:08 +0000, 2014-12-22 23:42:26 +0000, 2014-12-22 23:40:37 +0000, 2015-02-21 15:39:32 +0000, 2015-02-21 15:37:53 +0000, 2014-12-22 23:39:50 +0000, 2014-12-22 21:33:51 +0000, 2014-12-22 21:32:09 +0000, 2014-12-22 21:31:51 +0000, 2014-12-22 21:30:58 +0000, 2014-12-22 21:29:41 +0000, 2014-12-22 21:29:11 +0000, 2014-12-22 21:28:28 +0000, 2014-12-22 21:24:48 +0000, 2014-12-22 21:24:07 +0000, 2014-12-22 21:23:19 +0000, 2014-12-22 21:21:59 +0000, 2014-12-22 18:20:51 +0000, 2014-12-22 18:16:30 +0000, 2014-12-22 18:13:31 +0000, 2014-12-21 23:28:47 +0000, 2014-12-21 23:28:30 +0000, 2014-12-21 23:27:18 +0000, 2014-12-21 23:26:48 +0000, 2014-12-21 23:26:22 +0000, 2014-12-21 23:25:38 +0000, 2014-12-21 23:24:28 +0000, 2014-12-21 23:23:57 +0000, 2014-12-21 23:23:06 +0000, 2014-12-21 23:21:15 +0000, 2014-12-21 23:20:17 +0000, 2014-12-21 23:19:30 +0000, 2014-12-21 23:19:08 +0000, 2014-12-21 23:18:29 +0000, 2014-12-21 23:18:11 +0000, 2014-12-21 23:17:43 +0000, 2014-12-21 23:16:46 +0000, 2014-12-21 23:16:31 +0000, 2014-12-21 23:16:15 +0000, 2014-12-21 23:15:16 +0000, 2014-12-21 23:14:35 +0000, 2014-10-16 17:53:36 +0000, 2014-12-21 23:14:09 +0000, 2014-12-21 23:13:39 +0000, 2014-12-21 23:13:12 +0000, 2014-12-21 23:12:28 +0000, 2014-12-21 23:11:50 +0000, 2014-12-21 23:10:54 +0000, 2014-10-30 19:15:36 +0000, 2014-12-21 18:52:38 +0000, 2014-12-21 18:52:04 +0000, 2014-12-21 18:50:07 +0000, 2014-12-21 17:02:35 +0000, 2014-12-21 17:01:50 +0000, 2014-12-21 17:00:53 +0000, 2014-12-21 16:59:47 +0000, 2014-12-21 16:58:54 +0000, 2014-12-21 16:56:13 +0000, 2014-12-21 16:55:07 +0000, 2014-12-21 16:54:04 +0000, 2014-12-17 15:57:54 +0000, 2014-12-16 20:28:22 +0000, 2014-12-16 20:24:26 +0000, 2014-12-16 20:16:52 +0000, 2014-10-29 17:59:48 +0000, 2014-10-28 20:10:08 +0000, 2014-10-28 20:08:54 +0000, 2014-11-04 13:18:55 +0000, 2014-08-21 19:04:28 +0000, 2014-10-28 20:06:00 +0000, 2014-10-28 20:02:19 +0000, 2014-10-28 20:00:32 +0000, 2014-10-28 19:58:43 +0000, 2014-10-28 19:56:15 +0000"